model,horizon_s,ADE,FDE
CV,1.0,2.4567564725875854,4.6661436557769775
CV,3.0,7.3775917291641235,15.311675548553467
TinyTransformer,1.0,4.624456405639648,5.053706526756287
TinyTransformer,3.0,6.266001224517822,9.505946636199951
TurnAwareLSTM,1.0,6.403059124946594,5.690859436988831
TurnAwareLSTM,3.0,7.842253088951111,13.455321788787842
VanillaLSTM,1.0,3.355698823928833,5.451786637306213
VanillaLSTM,3.0,8.266784906387329,16.475645780563354
